{
  "experiment_id": "extra_trees_grouped_20260709_160537",
  "timestamp": "2026-07-09T16:05:38.674396",
  "config": {
    "kind": "extra_trees",
    "n_estimators": 300,
    "split_strategy": "grouped",
    "scale_targets": true,
    "seed": 42,
    "data": "data/turbojet_complete_dataset.csv",
    "tag": "ablation"
  },
  "metrics": {
    "rmse": 926.776804334493,
    "mae": 295.34335317989047,
    "mape": 2.6340689086306988,
    "r2": 0.7825221341170142,
    "explained_variance": 0.8445954329213432,
    "per_target": {
      "CompressorHealth": {
        "rmse": 0.025519064664091724,
        "mae": 0.017493070201257357,
        "mape": 1.8880703012770692,
        "r2": 0.8133824708814397
      },
      "CombustorHealth": {
        "rmse": 0.027069012646592172,
        "mae": 0.02175594772347262,
        "mape": 2.34686386334332,
        "r2": 0.3378458004831645
      },
      "TurbineHealth": {
        "rmse": 0.022172490772765327,
        "mae": 0.01750765725196539,
        "mape": 1.9060141968915916,
        "r2": 0.7850761956630401
      },
      "OverallHealth": {
        "rmse": 0.021450662138564704,
        "mae": 0.016700961385932387,
        "mape": 1.8156590865407718,
        "r2": 0.7999309857189655
      },
      "Thrust": {
        "rmse": 2270.13027555227,
        "mae": 1771.9866606589126,
        "mape": 3.9853760011837456,
        "r2": 0.9781486532277568
      },
      "TSFC": {
        "rmse": 9.389898619202279e-07,
        "mae": 7.838676252830684e-07,
        "mape": 3.8624300025476934,
        "r2": 0.9807486987277186
      }
    }
  },
  "model_path": "results\\experiments\\extra_trees_grouped_20260709_160537.joblib"
}