{
  "experiment_id": "stacking_official_20260709_160531",
  "timestamp": "2026-07-09T16:05:33.522121",
  "config": {
    "kind": "stacking",
    "n_estimators": 300,
    "split_strategy": "official",
    "scale_targets": true,
    "seed": 42,
    "data": "data/turbojet_complete_dataset.csv",
    "tag": "ablation"
  },
  "metrics": {
    "rmse": 587.7274672976494,
    "mae": 173.50452760187957,
    "mape": 2.25824022243779,
    "r2": 0.7477291345159304,
    "explained_variance": 0.7724905075532086,
    "per_target": {
      "CompressorHealth": {
        "rmse": 0.02658379784168266,
        "mae": 0.01877012545885431,
        "mape": 2.1383781396664334,
        "r2": 0.7758709898962726
      },
      "CombustorHealth": {
        "rmse": 0.0181837739456712,
        "mae": 0.015154093883484905,
        "mape": 1.597435993403089,
        "r2": 0.5018002730176727
      },
      "TurbineHealth": {
        "rmse": 0.03370235906351518,
        "mae": 0.024932373142022696,
        "mape": 2.8094394344151197,
        "r2": 0.4458657502965784
      },
      "OverallHealth": {
        "rmse": 0.01880962358201104,
        "mae": 0.014364661240825093,
        "mape": 1.566503744650594,
        "r2": 0.7863955116967509
      },
      "Thrust": {
        "rmse": 1439.6324018198736,
        "mae": 1040.9539437872502,
        "mape": 2.525166068416636,
        "r2": 0.9907286999268482
      },
      "TSFC": {
        "rmse": 7.106794605193015e-07,
        "mae": 5.703020693891327e-07,
        "mape": 2.9125179540748682,
        "r2": 0.9857135822614592
      }
    }
  },
  "model_path": "results\\experiments\\stacking_official_20260709_160531.joblib"
}