{
  "rmse": 911.0698337372594,
  "mae": 306.8987281767515,
  "mape": 4.4753054894987105,
  "r2": 0.41145519814364384,
  "explained_variance": 0.46320829397317276
}