{
  "rmse": 828.4771583367136,
  "mae": 269.3673723278367,
  "mape": 2.4301182170807065,
  "r2": 0.7722728434989268,
  "explained_variance": 0.8365443204314565,
  "per_target": {
    "CompressorHealth": {
      "rmse": 0.019782937615807152,
      "mae": 0.015590339389429782,
      "mape": 1.8027036954981497,
      "r2": 0.8711101050353021
    },
    "CombustorHealth": {
      "rmse": 0.017928245142923193,
      "mae": 0.014233294991073694,
      "mape": 1.531364337714691,
      "r2": 0.5208978254374785
    },
    "TurbineHealth": {
      "rmse": 0.034544825160526905,
      "mae": 0.02425596565987731,
      "mape": 2.7833386473598005,
      "r2": 0.5079534934018655
    },
    "OverallHealth": {
      "rmse": 0.01978086472592198,
      "mae": 0.013960324924622831,
      "mape": 1.5686899251152322,
      "r2": 0.7735328559794054
    },
    "Thrust": {
      "rmse": 2029.346300909887,
      "mae": 1616.1361933984044,
      "mape": 3.389329112664944,
      "r2": 0.9742375690936892
    },
    "TSFC": {
      "rmse": 7.475422704161526e-07,
      "mae": 6.436504950288743e-07,
      "mape": 3.5052835841314254,
      "r2": 0.98590521204582
    }
  }
}