{
  "rmse": 583.0602032670087,
  "mae": 168.57136296182463,
  "mape": 2.2004266565902033,
  "r2": 0.8157785863380909,
  "explained_variance": 0.8460447637058871,
  "per_target": {
    "CompressorHealth": {
      "rmse": 0.03091846173550142,
      "mae": 0.02176095506079297,
      "mape": 2.4341868341641533,
      "r2": 0.8257155971593494
    },
    "CombustorHealth": {
      "rmse": 0.02330033045653612,
      "mae": 0.018254011211938703,
      "mape": 1.9494173764256075,
      "r2": 0.45431457069584935
    },
    "TurbineHealth": {
      "rmse": 0.02444663056463239,
      "mae": 0.019213464655192785,
      "mape": 2.1187415255348436,
      "r2": 0.803418724772925
    },
    "OverallHealth": {
      "rmse": 0.022545511345137048,
      "mae": 0.01673848808738998,
      "mape": 1.8291703548530804,
      "r2": 0.8322884973012817
    },
    "Thrust": {
      "rmse": 1428.1999864156974,
      "mae": 1011.3522103341825,
      "mape": 2.4235759278214744,
      "r2": 0.9915910823177092
    },
    "TSFC": {
      "rmse": 7.53599977451339e-07,
      "mae": 5.177499501856129e-07,
      "mape": 2.447467920742062,
      "r2": 0.9873430457814304
    }
  }
}