{
  "rmse": 747.6369479843012,
  "mae": 235.09505171191174,
  "mape": 3.1127755106791373,
  "r2": 0.6389525915844539,
  "explained_variance": 0.6596854590332232,
  "per_target": {
    "CompressorHealth": {
      "rmse": 0.03862412549355941,
      "mae": 0.026881918049217305,
      "mape": 3.1814096142392687,
      "r2": 0.5959920808383132
    },
    "CombustorHealth": {
      "rmse": 0.019098171592920786,
      "mae": 0.015501861127850024,
      "mape": 1.6434029541106103,
      "r2": 0.4547910079185178
    },
    "TurbineHealth": {
      "rmse": 0.0404369439108023,
      "mae": 0.03047921740626169,
      "mape": 3.4416446294584393,
      "r2": 0.2587048413381773
    },
    "OverallHealth": {
      "rmse": 0.029039124138148326,
      "mae": 0.02016927786577559,
      "mape": 2.265920196689251,
      "r2": 0.5567578946319748
    },
    "Thrust": {
      "rmse": 1831.3290342297048,
      "mae": 1410.4772771902378,
      "mape": 3.5149992082225663,
      "r2": 0.9860006369071366
    },
    "TSFC": {
      "rmse": 1.0108474326519998e-06,
      "mae": 8.067834016402041e-07,
      "mape": 4.6292764613546895,
      "r2": 0.9814690878726036
    }
  }
}